2012-01-19,1,Introduction and Basic DB Concepts,Your basic welcome back lecture along with an overview of what we'll be covering this semester.  And my lovely syllabus exercise.,1,
2012-01-24,2,The Relational Model 1,We start off by discussing exactly how we came about the standard DB model and then we go into relational algebra.  It is as exciting as it sounds.  Trust me.,2&6,HW1 Out
2012-01-26,3,The Relational Model 2,More relational algebra.  It is awesome.,2&6,
2012-01-31,4,The Entity-Relationship Model 1,It is throwback day as we see what UML has in store for us with databases.,7,
2012-02-02,5,The Entity-Relationship Model 2,You love UML.  You know you do.,7,HW1 Due / HW2 Out
2012-02-07,6,Beginning SQL,Now we get to the good stuff.  How do we actually get stuff out of a database?,3,
2012-02-09,7,SQL,How about getting stuff into a database?,4,
2012-02-14,8,Advanced SQL,How can we answer interesting questions with the data in databases?,4,HW2 Due / HW3 Out
2012-02-16,9,Basic DB Interfacing,"Today we begin tying SQL together with PHP, JSP, and other languages.",9,
2012-02-21,10,Basic DB Interfacing,We continue smushing SQL into every language we can think of.,17,
2012-02-23,11,XML,XML is really neat.  But the recent problem with XML is that people want to throw it at EVERY PROBLEM.  We learn how to wield this power responsibly.,23,HW3 Due
2012-02-28,12,Database Security,"I can hear the groans already.  Yes, some of you have heard this lecture.  It's okay if you don't come.",9,
2012-03-01,13,Mid-Semester Exam,Hey look.  An exam.  Works like every other exam you have ever taken.,,
2012-03-06,SB1,No Class - Spring Break,Please do not come to class.  I will not be here.  I will be in Raleigh.  With Bloomfield.  Pray for me.,,
2012-03-08,SB2,No Class - Spring Break,Two days in to my trip to Raleigh with Bloomfield? Have you heard from me recently?,,
2012-03-13,14,Design and Normal Forms 1,"Probably the toughest topic in the class.  Once we know how to make a database, how do we make a good one?",8,HW4 Out
2012-03-15,15,Design and Normal Forms 2,More on functional dependencies and normal forms.,8,
2012-03-20,16,Design and Normal Forms 3,Yes I think three days is necessary for this topic.,8,
2012-03-22,17,Storage and File Structure,One of my favorite lectures as it lets me pull out my bag of computer parts!,10,HW4 Due / HW5 Out
2012-03-27,18,Indexing and Hashing,"Part 2150 review, part 2110 review, part 4102 review.  All neat-o.",11,
2012-03-29,19,Indexing and Hashing,"Part 2150 review, part 2110 review, part 4102 review.  All neat-o.",11,
2012-04-03,20,Distributed Databases,Google and Amazon get involved in databases.,,HW5 Due / HW6 Out
2012-04-05,21,Distributed Databases,Open source solutions that were spawned by Facebook.,,
2012-04-10,22,Distributed Databases,Dealing with weird concurrency issues.,,
2012-04-12,23,Query Processing and Optimization,"Once you build a database, the problem of creating algorithms that are n-cubed is a real one.  How do we avoid that?",13,
2012-04-17,24,Transactions,Ever wonder what might happen if the power fails when you're getting money out of an ATM?  Was the money taken out of your account and not given to you?  How do we avoid this?,14,
2012-04-19,25,Transactions,It's a tough problem to keep your actions on a database safe.,14,
2012-04-24,26,Concurrency Control,Ever thought about the number of people hitting a bank database all at the same time?  Ugh.  How do we deal with that?,15,
2012-04-26,27,Concurrency Control,"This lecture will also be on concurrency control, but I'm already betting that I will be lead completely off topic and talk about World of Warcraft.  Just a guess.",15,Project Due
2012-05-01,28,Exam Review,"Yes, you have a final exam in my class.  Sorry :-)",,
2012-05-07,FE,Final exam,2:00 to 5:00 PM,,
